state,year,population_crore,urban_pct,rural_pct,disease_index,hospitals_total,hospital_beds_per_1000,icu_beds,doctors_total,doctor_per_1000,nurses_total,phc_count,chc_count,vaccine_coverage_pct,cold_chain_facilities,vaccine_doses_required_cr,health_budget_crore,budget_per_capita_inr,infra_gap_score,maternal_mortality_ratio,infant_mortality_rate,life_expectancy
Andhra Pradesh,2020,5.27,29.4,70.6,0.41,2450,1.1,1820,28500,0.54,42000,1417,195,78.2,312,3.85,8920,1693,4.2,65,32,69.8
Andhra Pradesh,2021,5.31,29.8,70.2,0.40,2510,1.12,1890,29200,0.55,43500,1440,198,79.5,320,3.88,9450,1780,4.1,62,30,70.1
Andhra Pradesh,2022,5.35,30.2,69.8,0.39,2580,1.14,1950,30100,0.56,44800,1465,202,81.0,328,3.91,10200,1907,4.0,59,29,70.3
Andhra Pradesh,2023,5.39,30.6,69.4,0.38,2660,1.16,2020,31000,0.57,46200,1488,205,82.3,335,3.94,11100,2060,3.9,56,27,70.6
Andhra Pradesh,2024,5.43,31.0,69.0,0.37,2740,1.18,2100,31900,0.59,47800,1512,209,83.8,342,3.97,12050,2219,3.8,53,26,70.9
Andhra Pradesh,2025,5.47,31.5,68.5,0.36,2830,1.21,2180,32900,0.60,49500,1538,213,85.1,350,4.00,13100,2395,3.7,50,24,71.2
Andhra Pradesh,2026,5.51,32.0,68.0,0.35,2920,1.23,2270,33800,0.61,51200,1560,217,86.5,358,4.03,14250,2586,3.6,48,23,71.5
Andhra Pradesh,2027,5.55,32.5,67.5,0.34,3010,1.26,2360,34800,0.63,53000,1585,221,87.8,366,4.06,15500,2793,3.5,45,21,71.8
Arunachal Pradesh,2020,0.16,23.1,76.9,0.58,98,0.61,85,620,0.39,980,130,18,52.3,42,0.12,380,2375,7.2,149,36,67.2
Arunachal Pradesh,2021,0.16,23.5,76.5,0.57,102,0.63,89,645,0.40,1020,133,19,54.1,44,0.12,420,2625,7.0,142,35,67.5
Arunachal Pradesh,2022,0.17,24.0,76.0,0.56,107,0.65,93,670,0.41,1060,136,19,56.0,46,0.12,465,2735,6.9,136,33,67.8
Arunachal Pradesh,2023,0.17,24.5,75.5,0.55,112,0.67,97,698,0.42,1100,139,20,58.2,48,0.13,510,3000,6.7,129,32,68.1
Arunachal Pradesh,2024,0.17,25.0,75.0,0.53,117,0.69,102,725,0.43,1150,142,20,60.5,50,0.13,560,3294,6.5,123,30,68.4
Arunachal Pradesh,2025,0.18,25.5,74.5,0.52,123,0.71,107,755,0.44,1200,145,21,62.8,52,0.13,615,3417,6.4,117,29,68.7
Arunachal Pradesh,2026,0.18,26.0,74.0,0.51,129,0.73,112,785,0.45,1250,148,21,65.0,54,0.14,675,3750,6.2,111,27,69.0
Arunachal Pradesh,2027,0.18,26.5,73.5,0.50,135,0.76,118,818,0.46,1310,151,22,67.5,56,0.14,740,4111,6.0,105,26,69.3
Assam,2020,3.55,14.1,85.9,0.56,1280,0.72,920,12500,0.35,18200,1007,152,62.5,185,2.59,4850,1366,6.5,215,44,66.5
Assam,2021,3.58,14.5,85.5,0.55,1320,0.74,960,13000,0.36,19000,1025,155,64.2,190,2.61,5250,1466,6.3,205,42,66.8
Assam,2022,3.62,15.0,85.0,0.54,1365,0.76,1000,13500,0.37,19800,1045,158,66.0,196,2.64,5700,1574,6.2,196,40,67.1
Assam,2023,3.65,15.4,84.6,0.52,1410,0.78,1045,14100,0.39,20700,1068,162,68.1,202,2.67,6200,1699,6.0,187,38,67.4
Assam,2024,3.69,15.9,84.1,0.51,1460,0.80,1090,14700,0.40,21600,1090,165,70.0,208,2.70,6750,1830,5.8,178,36,67.7
Assam,2025,3.72,16.3,83.7,0.50,1510,0.82,1140,15300,0.41,22500,1112,169,72.2,215,2.72,7350,1976,5.7,170,35,68.0
Assam,2026,3.76,16.8,83.2,0.48,1565,0.84,1195,16000,0.43,23500,1135,172,74.5,222,2.75,8000,2128,5.5,162,33,68.3
Assam,2027,3.79,17.2,82.8,0.47,1620,0.87,1250,16700,0.44,24600,1158,176,76.8,230,2.77,8700,2295,5.3,155,31,68.6
Bihar,2020,12.48,11.3,88.7,0.62,2180,0.35,1520,18500,0.15,24000,1864,252,61.0,280,9.10,9200,737,8.5,149,46,68.5
Bihar,2021,12.62,11.6,88.4,0.61,2250,0.36,1580,19200,0.15,25000,1890,258,62.8,288,9.20,9950,788,8.3,143,44,68.7
Bihar,2022,12.76,12.0,88.0,0.60,2330,0.37,1650,20000,0.16,26200,1918,264,64.5,296,9.32,10800,846,8.1,137,42,68.9
Bihar,2023,12.90,12.3,87.7,0.58,2420,0.38,1720,20800,0.16,27400,1948,270,66.5,305,9.43,11750,911,7.9,131,40,69.2
Bihar,2024,13.04,12.7,87.3,0.57,2510,0.39,1800,21700,0.17,28700,1978,276,68.2,315,9.55,12800,982,7.7,125,38,69.4
Bihar,2025,13.18,13.0,87.0,0.55,2610,0.40,1880,22600,0.17,30000,2010,283,70.2,325,9.66,13950,1058,7.5,120,36,69.7
Bihar,2026,13.32,13.4,86.6,0.54,2710,0.41,1970,23600,0.18,31400,2042,290,72.3,336,9.78,15200,1141,7.3,114,34,69.9
Bihar,2027,13.46,13.8,86.2,0.52,2820,0.42,2060,24700,0.18,32900,2076,297,74.5,348,9.90,16550,1229,7.1,109,32,70.2
Chhattisgarh,2020,3.03,23.2,76.8,0.52,920,0.78,680,10200,0.34,15000,786,152,68.5,165,2.21,4100,1353,5.8,159,38,66.8
Chhattisgarh,2021,3.06,23.6,76.4,0.51,950,0.80,710,10600,0.35,15600,798,155,70.0,170,2.24,4450,1454,5.7,152,37,67.1
Chhattisgarh,2022,3.09,24.0,76.0,0.50,985,0.82,742,11000,0.36,16200,812,158,71.8,175,2.26,4850,1570,5.5,145,35,67.4
Chhattisgarh,2023,3.12,24.4,75.6,0.48,1020,0.84,775,11500,0.37,16900,826,162,73.5,180,2.28,5280,1692,5.3,138,33,67.7
Chhattisgarh,2024,3.15,24.8,75.2,0.47,1058,0.86,810,12000,0.38,17600,840,165,75.2,186,2.30,5750,1825,5.2,132,32,68.0
Chhattisgarh,2025,3.18,25.2,74.8,0.46,1098,0.89,848,12500,0.39,18300,855,169,77.0,192,2.33,6260,1968,5.0,126,30,68.3
Chhattisgarh,2026,3.21,25.6,74.4,0.44,1140,0.91,888,13100,0.41,19100,870,172,78.8,198,2.35,6820,2125,4.8,120,28,68.6
Chhattisgarh,2027,3.24,26.0,74.0,0.43,1185,0.94,930,13700,0.42,19900,886,176,80.5,205,2.37,7420,2290,4.6,115,27,68.9
Goa,2020,0.16,62.2,37.8,0.28,145,2.50,180,2200,1.38,3800,52,8,88.5,28,0.12,620,3875,2.5,29,9,74.5
Goa,2021,0.16,62.8,37.2,0.27,148,2.55,185,2280,1.41,3950,52,8,89.2,29,0.12,670,4188,2.4,28,9,74.7
Goa,2022,0.16,63.3,36.7,0.27,152,2.60,192,2360,1.44,4100,53,8,90.0,30,0.12,725,4531,2.3,27,8,74.9
Goa,2023,0.16,63.8,36.2,0.26,156,2.65,198,2440,1.47,4260,53,9,90.8,31,0.12,785,4906,2.2,26,8,75.1
Goa,2024,0.17,64.3,35.7,0.25,160,2.70,205,2520,1.50,4420,54,9,91.5,32,0.12,850,5000,2.1,25,7,75.3
Goa,2025,0.17,64.8,35.2,0.25,165,2.76,212,2600,1.53,4580,54,9,92.2,33,0.12,920,5412,2.0,24,7,75.5
Goa,2026,0.17,65.3,34.7,0.24,170,2.82,220,2690,1.56,4750,55,9,92.8,34,0.13,995,5853,1.9,23,7,75.7
Goa,2027,0.17,65.8,34.2,0.24,175,2.88,228,2780,1.59,4920,55,10,93.5,35,0.13,1080,6353,1.8,22,6,75.9
Gujarat,2020,7.07,42.6,57.4,0.38,3100,1.25,2450,35000,0.49,52000,1516,352,80.5,420,5.16,12500,1768,4.0,75,30,69.5
Gujarat,2021,7.14,43.0,57.0,0.37,3200,1.28,2540,36200,0.51,54000,1540,358,81.8,430,5.21,13500,1891,3.9,72,28,69.8
Gujarat,2022,7.21,43.5,56.5,0.36,3310,1.31,2640,37500,0.52,56100,1565,365,83.0,440,5.27,14600,2025,3.8,69,27,70.1
Gujarat,2023,7.28,44.0,56.0,0.35,3420,1.34,2740,38800,0.53,58200,1592,372,84.2,451,5.32,15900,2184,3.7,66,26,70.3
Gujarat,2024,7.35,44.5,55.5,0.34,3540,1.37,2850,40200,0.55,60400,1618,379,85.5,462,5.38,17300,2354,3.5,63,24,70.6
Gujarat,2025,7.42,45.0,55.0,0.33,3660,1.40,2960,41600,0.56,62800,1646,387,86.8,474,5.43,18800,2534,3.4,60,23,70.9
Gujarat,2026,7.49,45.5,54.5,0.32,3790,1.44,3080,43100,0.58,65200,1674,395,88.0,486,5.49,20500,2737,3.3,57,22,71.2
Gujarat,2027,7.56,46.0,54.0,0.31,3920,1.47,3200,44700,0.59,67800,1703,403,89.2,500,5.54,22300,2950,3.2,55,20,71.5
Haryana,2020,3.00,34.8,65.2,0.39,1450,0.96,1100,15500,0.52,23000,548,130,78.0,185,2.19,5200,1733,4.5,91,33,68.8
Haryana,2021,3.03,35.3,64.7,0.38,1500,0.98,1140,16000,0.53,24000,558,133,79.5,190,2.21,5650,1864,4.4,87,31,69.1
Haryana,2022,3.06,35.8,64.2,0.37,1555,1.01,1185,16600,0.54,25000,568,136,81.0,195,2.24,6150,2010,4.2,83,30,69.4
Haryana,2023,3.09,36.3,63.7,0.36,1610,1.03,1230,17200,0.56,26100,579,139,82.3,201,2.26,6700,2168,4.1,80,28,69.7
Haryana,2024,3.12,36.8,63.2,0.35,1670,1.06,1280,17800,0.57,27200,590,142,83.8,207,2.28,7300,2340,3.9,76,27,70.0
Haryana,2025,3.15,37.3,62.7,0.34,1730,1.09,1330,18500,0.59,28400,601,146,85.1,213,2.30,7950,2524,3.8,73,26,70.3
Haryana,2026,3.18,37.8,62.2,0.33,1800,1.12,1390,19200,0.60,29700,612,149,86.5,219,2.33,8650,2720,3.6,70,24,70.6
Haryana,2027,3.21,38.3,61.7,0.32,1870,1.15,1450,19900,0.62,31000,624,153,87.8,226,2.35,9400,2928,3.5,67,23,70.9
Himachal Pradesh,2020,0.77,10.0,90.0,0.32,680,1.35,520,6800,0.88,10200,518,82,85.0,120,0.56,2200,2857,3.5,61,25,72.0
Himachal Pradesh,2021,0.77,10.3,89.7,0.31,695,1.38,535,7000,0.90,10600,525,84,86.0,123,0.56,2380,3091,3.4,58,24,72.2
Himachal Pradesh,2022,0.78,10.6,89.4,0.31,712,1.41,550,7200,0.92,11000,532,85,87.0,126,0.57,2580,3308,3.3,56,23,72.5
Himachal Pradesh,2023,0.78,10.9,89.1,0.30,730,1.44,568,7400,0.94,11400,540,87,88.0,129,0.57,2790,3577,3.2,53,22,72.7
Himachal Pradesh,2024,0.79,11.2,88.8,0.29,748,1.47,585,7600,0.96,11800,548,89,88.8,132,0.58,3020,3823,3.0,51,21,73.0
Himachal Pradesh,2025,0.79,11.5,88.5,0.29,768,1.50,603,7850,0.99,12300,556,91,89.5,136,0.58,3270,4139,2.9,48,20,73.2
Himachal Pradesh,2026,0.80,11.8,88.2,0.28,788,1.53,622,8100,1.01,12800,564,93,90.2,140,0.58,3540,4425,2.8,46,19,73.5
Himachal Pradesh,2027,0.80,12.2,87.8,0.27,810,1.56,642,8350,1.04,13300,572,95,91.0,144,0.59,3830,4788,2.7,44,18,73.7
Jharkhand,2020,3.92,24.1,75.9,0.55,1020,0.52,710,10800,0.28,15500,682,148,58.5,168,2.86,4200,1071,7.0,76,32,67.0
Jharkhand,2021,3.96,24.5,75.5,0.54,1058,0.54,740,11200,0.28,16100,695,151,60.5,173,2.89,4580,1157,6.8,73,31,67.3
Jharkhand,2022,4.00,25.0,75.0,0.53,1098,0.56,775,11700,0.29,16800,708,155,62.5,178,2.92,4980,1245,6.6,70,29,67.6
Jharkhand,2023,4.04,25.4,74.6,0.51,1140,0.58,810,12200,0.30,17500,722,158,64.8,183,2.95,5420,1342,6.4,67,28,67.9
Jharkhand,2024,4.08,25.9,74.1,0.50,1185,0.60,848,12700,0.31,18200,736,162,67.0,189,2.98,5900,1446,6.2,64,26,68.2
Jharkhand,2025,4.12,26.3,73.7,0.49,1232,0.62,888,13300,0.32,19000,750,165,69.2,195,3.01,6420,1558,6.0,61,25,68.5
Jharkhand,2026,4.16,26.8,73.2,0.47,1282,0.64,930,13900,0.33,19800,764,169,71.5,201,3.04,6990,1680,5.8,58,23,68.8
Jharkhand,2027,4.20,27.2,72.8,0.46,1334,0.66,975,14500,0.35,20700,779,173,73.8,208,3.07,7600,1810,5.6,55,22,69.1
Karnataka,2020,6.91,38.7,61.3,0.36,3200,1.40,2520,38000,0.55,56000,2310,386,78.5,380,5.05,13200,1910,3.8,92,25,69.5
Karnataka,2021,6.97,39.2,60.8,0.35,3300,1.43,2610,39200,0.56,58000,2340,392,80.0,390,5.10,14200,2038,3.7,88,24,69.8
Karnataka,2022,7.03,39.7,60.3,0.34,3410,1.46,2710,40500,0.58,60000,2372,398,81.5,400,5.14,15400,2190,3.6,84,23,70.1
Karnataka,2023,7.09,40.2,59.8,0.33,3520,1.50,2810,41800,0.59,62200,2405,405,83.0,410,5.19,16700,2355,3.4,80,22,70.4
Karnataka,2024,7.15,40.7,59.3,0.32,3640,1.53,2920,43200,0.60,64500,2438,412,84.5,421,5.23,18100,2531,3.3,77,20,70.7
Karnataka,2025,7.21,41.2,58.8,0.31,3760,1.56,3030,44600,0.62,66800,2472,419,86.0,432,5.27,19600,2718,3.2,73,19,71.0
Karnataka,2026,7.27,41.7,58.3,0.30,3890,1.60,3150,46100,0.63,69200,2508,426,87.2,444,5.32,21300,2930,3.0,70,18,71.3
Karnataka,2027,7.33,42.2,57.8,0.29,4020,1.63,3280,47700,0.65,71800,2544,434,88.5,456,5.36,23100,3151,2.9,67,17,71.6
Kerala,2020,3.56,47.7,52.3,0.25,3800,2.60,3200,42000,1.18,68000,858,232,91.2,480,2.60,9800,2753,2.2,43,10,75.5
Kerala,2021,3.57,48.2,51.8,0.24,3880,2.65,3280,43000,1.20,70000,862,235,91.8,488,2.61,10500,2941,2.1,41,9,75.7
Kerala,2022,3.58,48.7,51.3,0.24,3960,2.70,3360,44000,1.23,72000,866,238,92.5,496,2.62,11300,3156,2.0,39,9,75.9
Kerala,2023,3.59,49.2,50.8,0.23,4050,2.75,3450,45200,1.26,74200,870,241,93.0,505,2.62,12200,3398,2.0,37,8,76.2
Kerala,2024,3.60,49.7,50.3,0.23,4140,2.80,3540,46400,1.29,76500,875,244,93.5,514,2.63,13200,3667,1.9,36,8,76.4
Kerala,2025,3.61,50.2,49.8,0.22,4230,2.86,3640,47600,1.32,78800,880,248,94.0,523,2.64,14300,3961,1.8,34,7,76.6
Kerala,2026,3.62,50.7,49.3,0.22,4330,2.91,3740,48900,1.35,81200,885,251,94.5,533,2.64,15500,4282,1.7,33,7,76.8
Kerala,2027,3.63,51.2,48.8,0.21,4430,2.97,3850,50200,1.38,83700,890,255,95.0,543,2.65,16800,4628,1.6,31,6,77.0
Madhya Pradesh,2020,8.60,27.6,72.4,0.52,2800,0.65,1950,22000,0.26,32000,1558,334,68.2,320,6.28,8500,988,6.8,173,48,66.2
Madhya Pradesh,2021,8.69,28.0,72.0,0.51,2890,0.67,2020,22800,0.26,33200,1580,340,70.0,328,6.34,9200,1059,6.6,166,46,66.5
Madhya Pradesh,2022,8.78,28.5,71.5,0.50,2990,0.69,2100,23700,0.27,34500,1605,346,71.8,337,6.41,10000,1139,6.4,159,44,66.8
Madhya Pradesh,2023,8.87,29.0,71.0,0.48,3100,0.71,2180,24600,0.28,35800,1630,353,73.5,346,6.48,10900,1229,6.2,152,42,67.1
Madhya Pradesh,2024,8.96,29.4,70.6,0.47,3210,0.73,2270,25600,0.29,37200,1656,360,75.2,356,6.55,11900,1328,6.0,145,40,67.4
Madhya Pradesh,2025,9.05,29.9,70.1,0.46,3330,0.75,2360,26600,0.29,38600,1682,367,77.0,366,6.62,13000,1437,5.8,139,38,67.7
Madhya Pradesh,2026,9.14,30.4,69.6,0.44,3460,0.78,2460,27700,0.30,40100,1710,375,78.8,376,6.69,14200,1553,5.6,133,36,68.0
Madhya Pradesh,2027,9.23,30.8,69.2,0.43,3590,0.80,2560,28800,0.31,41700,1738,382,80.5,387,6.76,15500,1680,5.4,127,34,68.3
Maharashtra,2020,12.82,45.2,54.8,0.33,5500,1.55,4200,62000,0.48,95000,1814,388,82.5,620,9.36,22000,1716,3.5,46,19,72.5
Maharashtra,2021,12.94,45.6,54.4,0.32,5650,1.58,4350,64000,0.49,98000,1835,395,83.5,635,9.45,23800,1839,3.4,44,18,72.8
Maharashtra,2022,13.06,46.1,53.9,0.31,5810,1.61,4510,66000,0.51,101000,1858,402,84.5,650,9.54,25800,1975,3.3,42,17,73.1
Maharashtra,2023,13.18,46.5,53.5,0.30,5980,1.65,4680,68200,0.52,104200,1882,410,85.5,666,9.63,28000,2125,3.1,40,16,73.3
Maharashtra,2024,13.30,47.0,53.0,0.29,6160,1.68,4860,70500,0.53,107500,1906,418,86.5,682,9.72,30500,2293,3.0,38,15,73.6
Maharashtra,2025,13.42,47.5,52.5,0.28,6350,1.72,5050,72800,0.54,111000,1932,426,87.5,699,9.81,33200,2474,2.9,36,14,73.9
Maharashtra,2026,13.54,48.0,52.0,0.28,6550,1.76,5250,75200,0.56,114500,1958,435,88.5,716,9.91,36100,2666,2.8,34,14,74.2
Maharashtra,2027,13.66,48.5,51.5,0.27,6760,1.80,5460,77800,0.57,118200,1985,444,89.5,734,10.00,39200,2870,2.7,33,13,74.5
Manipur,2020,0.31,30.2,69.8,0.48,120,0.77,95,1580,0.51,2400,85,16,58.2,32,0.23,320,1032,6.0,158,14,70.5
Manipur,2021,0.31,30.5,69.5,0.47,124,0.79,98,1630,0.52,2480,87,16,60.0,33,0.23,350,1129,5.8,152,13,70.7
Manipur,2022,0.32,31.0,69.0,0.46,128,0.81,102,1680,0.53,2560,89,17,62.0,34,0.23,385,1203,5.7,146,13,70.9
Manipur,2023,0.32,31.5,68.5,0.45,132,0.83,106,1735,0.55,2650,91,17,64.0,35,0.23,420,1313,5.5,140,12,71.2
Manipur,2024,0.32,32.0,68.0,0.44,137,0.85,110,1790,0.56,2740,93,17,66.2,36,0.24,460,1438,5.3,135,12,71.4
Manipur,2025,0.33,32.5,67.5,0.43,142,0.87,115,1848,0.57,2840,95,18,68.5,37,0.24,505,1530,5.2,129,11,71.6
Manipur,2026,0.33,33.0,67.0,0.42,147,0.90,120,1908,0.58,2940,97,18,70.5,38,0.24,555,1682,5.0,124,11,71.8
Manipur,2027,0.33,33.5,66.5,0.41,153,0.92,125,1970,0.60,3050,99,19,72.8,39,0.24,610,1848,4.8,119,10,72.0
Meghalaya,2020,0.34,20.1,79.9,0.55,115,0.68,82,1420,0.42,2150,110,12,52.8,28,0.25,280,824,7.0,197,37,66.5
Meghalaya,2021,0.35,20.5,79.5,0.54,119,0.70,86,1470,0.42,2230,113,12,54.5,29,0.25,310,886,6.8,190,36,66.8
Meghalaya,2022,0.35,21.0,79.0,0.53,124,0.72,90,1525,0.43,2310,116,13,56.5,30,0.26,340,971,6.7,183,34,67.1
Meghalaya,2023,0.36,21.5,78.5,0.52,129,0.74,95,1580,0.44,2400,119,13,58.5,31,0.26,375,1042,6.5,176,33,67.4
Meghalaya,2024,0.36,22.0,78.0,0.50,134,0.76,100,1640,0.45,2490,122,14,60.8,32,0.27,412,1144,6.3,170,31,67.7
Meghalaya,2025,0.37,22.5,77.5,0.49,140,0.78,105,1700,0.46,2590,125,14,63.0,34,0.27,455,1230,6.1,163,30,68.0
Meghalaya,2026,0.37,23.0,77.0,0.48,146,0.81,110,1765,0.47,2690,128,14,65.2,35,0.28,500,1351,5.9,157,28,68.3
Meghalaya,2027,0.38,23.5,76.5,0.47,152,0.83,116,1832,0.49,2800,132,15,67.5,36,0.28,550,1447,5.8,151,27,68.6
Mizoram,2020,0.12,52.1,47.9,0.35,55,0.92,48,680,0.57,1050,66,9,72.5,18,0.09,180,1500,4.5,71,15,70.5
Mizoram,2021,0.12,52.5,47.5,0.34,57,0.94,50,705,0.58,1090,67,9,74.0,19,0.09,198,1650,4.4,68,14,70.8
Mizoram,2022,0.12,53.0,47.0,0.34,59,0.96,52,730,0.60,1130,68,9,75.5,19,0.09,218,1817,4.2,65,14,71.0
Mizoram,2023,0.12,53.5,46.5,0.33,61,0.99,54,756,0.61,1170,70,10,77.0,20,0.09,240,2000,4.1,62,13,71.3
Mizoram,2024,0.13,54.0,46.0,0.32,64,1.01,57,783,0.63,1210,71,10,78.5,20,0.10,264,2031,3.9,59,12,71.5
Mizoram,2025,0.13,54.5,45.5,0.31,67,1.04,60,812,0.64,1260,72,10,80.0,21,0.10,290,2231,3.8,56,12,71.8
Mizoram,2026,0.13,55.0,45.0,0.30,70,1.07,63,842,0.66,1310,73,10,81.5,21,0.10,320,2462,3.6,53,11,72.0
Mizoram,2027,0.13,55.5,44.5,0.30,73,1.10,66,873,0.68,1360,74,11,83.0,22,0.10,352,2708,3.5,50,10,72.3
Nagaland,2020,0.22,29.0,71.0,0.46,95,0.86,68,1180,0.54,1750,82,11,55.0,24,0.16,210,955,5.8,132,18,69.2
Nagaland,2021,0.22,29.5,70.5,0.45,98,0.88,71,1220,0.55,1810,84,11,57.0,25,0.16,230,1045,5.7,127,17,69.5
Nagaland,2022,0.22,30.0,70.0,0.44,101,0.90,74,1260,0.56,1880,86,12,59.0,26,0.16,255,1159,5.5,122,16,69.8
Nagaland,2023,0.23,30.5,69.5,0.43,105,0.93,77,1305,0.58,1950,88,12,61.2,27,0.17,280,1217,5.3,117,16,70.0
Nagaland,2024,0.23,31.0,69.0,0.42,109,0.95,81,1350,0.59,2020,90,12,63.5,28,0.17,308,1339,5.2,113,15,70.3
Nagaland,2025,0.23,31.5,68.5,0.41,113,0.98,85,1398,0.61,2100,92,13,65.8,29,0.17,340,1478,5.0,108,14,70.5
Nagaland,2026,0.23,32.0,68.0,0.40,117,1.01,89,1448,0.62,2180,94,13,68.0,30,0.17,375,1630,4.8,104,14,70.8
Nagaland,2027,0.24,32.5,67.5,0.39,122,1.04,93,1500,0.64,2260,96,13,70.2,31,0.18,412,1717,4.7,99,13,71.0
Odisha,2020,4.68,16.7,83.3,0.50,2100,0.90,1450,16000,0.34,24000,1288,192,70.5,240,3.42,6800,1453,5.8,150,40,67.5
Odisha,2021,4.72,17.0,83.0,0.49,2170,0.92,1510,16600,0.35,25000,1310,196,72.0,247,3.45,7400,1568,5.6,144,38,67.8
Odisha,2022,4.76,17.4,82.6,0.48,2245,0.95,1575,17200,0.36,26000,1332,200,73.8,254,3.48,8050,1691,5.5,138,37,68.1
Odisha,2023,4.80,17.8,82.2,0.47,2325,0.97,1640,17900,0.37,27100,1356,204,75.5,261,3.51,8750,1823,5.3,132,35,68.4
Odisha,2024,4.84,18.2,81.8,0.46,2408,1.00,1710,18600,0.38,28200,1380,209,77.2,269,3.54,9500,1963,5.1,126,33,68.7
Odisha,2025,4.88,18.6,81.4,0.44,2495,1.02,1785,19300,0.40,29400,1405,213,79.0,277,3.57,10350,2121,4.9,121,32,69.0
Odisha,2026,4.92,19.0,81.0,0.43,2585,1.05,1860,20100,0.41,30600,1430,218,80.8,285,3.60,11250,2287,4.8,115,30,69.3
Odisha,2027,4.96,19.4,80.6,0.42,2680,1.08,1940,20900,0.42,31900,1456,222,82.5,294,3.63,12200,2460,4.6,110,29,69.6
Punjab,2020,3.12,37.5,62.5,0.34,2200,1.42,1680,22000,0.71,34000,462,82,82.5,210,2.28,6500,2083,3.8,77,22,72.0
Punjab,2021,3.14,37.9,62.1,0.33,2260,1.45,1730,22700,0.72,35200,468,84,83.5,215,2.30,7050,2245,3.7,74,21,72.2
Punjab,2022,3.16,38.3,61.7,0.33,2325,1.48,1780,23400,0.74,36400,474,86,84.5,220,2.31,7650,2422,3.6,71,20,72.5
Punjab,2023,3.18,38.7,61.3,0.32,2390,1.51,1840,24100,0.76,37700,480,88,85.5,226,2.33,8300,2610,3.4,68,19,72.7
Punjab,2024,3.20,39.1,60.9,0.31,2460,1.54,1900,24800,0.78,39000,487,90,86.5,232,2.34,9000,2813,3.3,65,18,73.0
Punjab,2025,3.22,39.5,60.5,0.30,2530,1.57,1960,25600,0.79,40400,494,92,87.5,238,2.35,9750,3028,3.2,63,18,73.2
Punjab,2026,3.24,39.9,60.1,0.30,2610,1.61,2030,26400,0.81,41800,501,94,88.5,244,2.37,10550,3256,3.0,60,17,73.5
Punjab,2027,3.26,40.3,59.7,0.29,2690,1.64,2100,27200,0.83,43300,508,97,89.5,251,2.38,11400,3497,2.9,58,16,73.7
Rajasthan,2020,8.17,24.9,75.1,0.48,3100,0.76,2150,28000,0.34,42000,2080,365,72.0,385,5.96,10200,1248,5.8,164,41,67.5
Rajasthan,2021,8.26,25.3,74.7,0.47,3200,0.78,2230,29000,0.35,43500,2110,372,73.5,395,6.03,11100,1343,5.6,157,39,67.8
Rajasthan,2022,8.35,25.7,74.3,0.46,3310,0.80,2320,30000,0.36,45000,2142,379,75.0,405,6.10,12100,1449,5.5,150,38,68.0
Rajasthan,2023,8.44,26.1,73.9,0.45,3420,0.82,2410,31100,0.37,46600,2175,387,76.8,416,6.17,13200,1564,5.3,143,36,68.3
Rajasthan,2024,8.53,26.5,73.5,0.44,3540,0.84,2510,32200,0.38,48200,2208,395,78.5,427,6.24,14400,1689,5.1,137,34,68.6
Rajasthan,2025,8.62,26.9,73.1,0.43,3660,0.86,2610,33400,0.39,49900,2242,403,80.2,439,6.32,15700,1822,5.0,131,33,68.9
Rajasthan,2026,8.71,27.3,72.7,0.42,3790,0.88,2720,34600,0.40,51700,2278,412,82.0,451,6.39,17100,1963,4.8,125,31,69.2
Rajasthan,2027,8.80,27.7,72.3,0.41,3920,0.91,2830,35900,0.41,53500,2314,420,83.5,464,6.46,18600,2114,4.6,119,30,69.5
Sikkim,2020,0.07,25.2,74.8,0.32,38,1.09,32,520,0.74,820,24,4,82.0,12,0.05,120,1714,3.8,61,12,71.0
Sikkim,2021,0.07,25.5,74.5,0.31,39,1.11,33,535,0.76,850,24,4,83.0,12,0.05,132,1886,3.7,58,11,71.3
Sikkim,2022,0.07,26.0,74.0,0.31,40,1.14,34,550,0.78,880,25,4,84.0,13,0.05,145,2071,3.5,55,11,71.5
Sikkim,2023,0.07,26.5,73.5,0.30,42,1.17,36,568,0.81,912,25,4,85.0,13,0.05,160,2286,3.4,53,10,71.8
Sikkim,2024,0.07,27.0,73.0,0.29,44,1.20,38,586,0.84,945,26,5,86.0,14,0.05,176,2514,3.2,50,10,72.0
Sikkim,2025,0.07,27.5,72.5,0.29,46,1.23,40,605,0.86,980,26,5,87.0,14,0.05,194,2771,3.1,48,9,72.3
Sikkim,2026,0.07,28.0,72.0,0.28,48,1.26,42,625,0.89,1018,27,5,88.0,15,0.05,214,3057,3.0,45,9,72.5
Sikkim,2027,0.07,28.5,71.5,0.27,50,1.30,44,645,0.92,1058,27,5,89.0,15,0.05,235,3357,2.8,43,8,72.8
Tamil Nadu,2020,7.86,48.4,51.6,0.29,4200,1.85,3400,52000,0.66,82000,1836,385,88.5,520,5.74,16000,2036,2.8,60,15,72.5
Tamil Nadu,2021,7.92,48.8,51.2,0.28,4320,1.88,3510,53500,0.68,84500,1855,390,89.2,530,5.79,17200,2172,2.7,57,14,72.8
Tamil Nadu,2022,7.98,49.3,50.7,0.28,4450,1.92,3625,55200,0.69,87000,1875,396,90.0,541,5.83,18500,2318,2.6,55,14,73.0
Tamil Nadu,2023,8.04,49.8,50.2,0.27,4580,1.96,3750,56900,0.71,89700,1896,402,90.8,552,5.87,20000,2488,2.5,52,13,73.3
Tamil Nadu,2024,8.10,50.2,49.8,0.26,4720,2.00,3880,58700,0.72,92500,1917,408,91.5,564,5.92,21600,2667,2.4,50,12,73.6
Tamil Nadu,2025,8.16,50.7,49.3,0.25,4860,2.04,4020,60500,0.74,95500,1938,415,92.2,576,5.96,23400,2868,2.3,48,12,73.9
Tamil Nadu,2026,8.22,51.2,48.8,0.25,5010,2.08,4160,62400,0.76,98500,1960,422,92.8,589,6.01,25300,3078,2.2,45,11,74.2
Tamil Nadu,2027,8.28,51.7,48.3,0.24,5160,2.13,4310,64400,0.78,101600,1982,429,93.5,602,6.05,27400,3309,2.1,43,10,74.5
Telangana,2020,3.94,38.9,61.1,0.35,2400,1.22,1850,28000,0.71,42000,768,82,80.0,285,2.88,8200,2081,3.8,63,28,70.5
Telangana,2021,3.98,39.4,60.6,0.34,2480,1.25,1920,29000,0.73,43500,778,84,81.2,292,2.91,8900,2236,3.7,60,27,70.8
Telangana,2022,4.02,39.9,60.1,0.33,2560,1.28,1990,30000,0.75,45000,788,86,82.5,300,2.94,9700,2413,3.6,57,25,71.0
Telangana,2023,4.06,40.4,59.6,0.32,2650,1.31,2070,31100,0.77,46600,798,88,83.8,308,2.97,10600,2611,3.4,54,24,71.3
Telangana,2024,4.10,40.9,59.1,0.31,2740,1.34,2150,32200,0.79,48200,808,90,85.0,316,3.00,11600,2829,3.3,52,22,71.6
Telangana,2025,4.14,41.4,58.6,0.30,2840,1.38,2240,33400,0.81,49900,818,92,86.2,324,3.03,12700,3068,3.2,49,21,71.9
Telangana,2026,4.18,41.9,58.1,0.30,2940,1.41,2330,34600,0.83,51700,829,95,87.5,333,3.06,13900,3325,3.0,47,20,72.2
Telangana,2027,4.22,42.4,57.6,0.29,3050,1.45,2430,35900,0.85,53500,840,97,88.5,342,3.09,15200,3602,2.9,44,19,72.5
Tripura,2020,0.42,26.2,73.8,0.45,110,0.52,78,2200,0.52,3300,108,12,68.0,34,0.31,350,833,5.5,86,24,72.0
Tripura,2021,0.42,26.5,73.5,0.44,114,0.54,82,2280,0.54,3420,110,12,69.5,35,0.31,385,917,5.3,82,23,72.2
Tripura,2022,0.42,27.0,73.0,0.43,118,0.56,86,2360,0.56,3540,112,13,71.0,36,0.31,420,1000,5.2,78,22,72.5
Tripura,2023,0.43,27.5,72.5,0.42,122,0.58,90,2440,0.57,3670,114,13,72.8,37,0.32,460,1070,5.0,75,21,72.7
Tripura,2024,0.43,28.0,72.0,0.41,127,0.60,95,2530,0.59,3800,116,14,74.5,38,0.32,505,1174,4.8,71,20,73.0
Tripura,2025,0.43,28.5,71.5,0.40,132,0.63,100,2620,0.61,3940,118,14,76.2,39,0.32,555,1291,4.7,68,19,73.2
Tripura,2026,0.44,29.0,71.0,0.39,137,0.65,105,2715,0.63,4090,121,14,78.0,40,0.33,610,1386,4.5,65,18,73.5
Tripura,2027,0.44,29.5,70.5,0.38,143,0.68,110,2810,0.64,4240,123,15,79.8,41,0.33,670,1523,4.3,62,17,73.7
Uttar Pradesh,2020,23.50,22.3,77.7,0.60,5200,0.44,3600,42000,0.18,58000,3860,530,62.0,520,17.15,18500,787,8.8,197,50,64.8
Uttar Pradesh,2021,23.78,22.6,77.4,0.59,5380,0.45,3740,43500,0.18,60000,3920,540,63.8,535,17.36,20000,841,8.6,190,48,65.1
Uttar Pradesh,2022,24.06,23.0,77.0,0.58,5570,0.47,3890,45000,0.19,62200,3985,550,65.5,550,17.58,21800,906,8.4,183,46,65.4
Uttar Pradesh,2023,24.34,23.3,76.7,0.56,5770,0.48,4050,46800,0.19,64500,4050,562,67.5,566,17.80,23800,978,8.2,176,44,65.7
Uttar Pradesh,2024,24.62,23.7,76.3,0.55,5980,0.49,4220,48600,0.20,67000,4118,574,69.2,582,18.02,26000,1056,8.0,169,42,66.0
Uttar Pradesh,2025,24.90,24.0,76.0,0.54,6200,0.51,4400,50500,0.20,69500,4188,586,71.0,598,18.24,28500,1145,7.8,163,40,66.3
Uttar Pradesh,2026,25.18,24.4,75.6,0.52,6430,0.52,4590,52500,0.21,72200,4260,599,73.0,615,18.47,31200,1239,7.6,157,38,66.6
Uttar Pradesh,2027,25.46,24.8,75.2,0.51,6670,0.54,4790,54600,0.21,75000,4335,612,75.0,632,18.70,34200,1343,7.4,151,37,66.9
Uttarakhand,2020,1.17,30.2,69.8,0.38,620,1.06,465,7200,0.62,10800,260,52,76.5,108,0.85,2100,1795,4.2,84,32,70.5
Uttarakhand,2021,1.18,30.6,69.4,0.37,640,1.08,482,7450,0.63,11200,265,53,78.0,111,0.86,2280,1932,4.1,80,31,70.8
Uttarakhand,2022,1.19,31.0,69.0,0.36,662,1.11,500,7700,0.65,11600,270,54,79.5,114,0.87,2480,2084,3.9,77,29,71.0
Uttarakhand,2023,1.20,31.4,68.6,0.35,685,1.13,518,7960,0.66,12000,275,55,81.0,117,0.88,2700,2250,3.8,74,28,71.3
Uttarakhand,2024,1.21,31.8,68.2,0.34,710,1.16,538,8220,0.68,12500,280,57,82.5,121,0.89,2940,2430,3.6,71,26,71.5
Uttarakhand,2025,1.22,32.2,67.8,0.33,736,1.19,558,8500,0.70,13000,286,58,84.0,125,0.89,3200,2623,3.5,68,25,71.8
Uttarakhand,2026,1.23,32.6,67.4,0.32,764,1.22,580,8790,0.71,13500,291,59,85.5,129,0.90,3480,2829,3.3,65,24,72.1
Uttarakhand,2027,1.24,33.0,67.0,0.31,793,1.25,603,9080,0.73,14000,297,61,87.0,133,0.91,3790,3057,3.2,62,22,72.3
West Bengal,2020,9.98,31.9,68.1,0.42,3800,1.00,2700,36000,0.36,55000,1320,348,78.0,420,7.28,12000,1202,5.0,98,25,71.0
West Bengal,2021,10.08,32.3,67.7,0.41,3920,1.02,2800,37200,0.37,57000,1340,354,79.2,430,7.36,13000,1290,4.9,94,24,71.2
West Bengal,2022,10.18,32.7,67.3,0.40,4050,1.04,2910,38500,0.38,59000,1362,360,80.5,441,7.44,14100,1385,4.7,90,23,71.5
West Bengal,2023,10.28,33.1,66.9,0.39,4180,1.07,3020,39800,0.39,61200,1384,367,81.8,452,7.52,15300,1489,4.6,86,22,71.7
West Bengal,2024,10.38,33.5,66.5,0.38,4320,1.09,3140,41200,0.40,63400,1406,374,83.0,464,7.60,16600,1599,4.4,82,21,72.0
West Bengal,2025,10.48,33.9,66.1,0.37,4470,1.12,3270,42600,0.41,65700,1430,381,84.2,476,7.68,18000,1718,4.3,79,20,72.3
West Bengal,2026,10.58,34.3,65.7,0.36,4620,1.14,3400,44100,0.42,68000,1454,388,85.5,488,7.77,19500,1843,4.1,75,19,72.5
West Bengal,2027,10.68,34.7,65.3,0.35,4780,1.17,3540,45600,0.43,70400,1478,396,86.8,501,7.85,21200,1985,3.9,72,18,72.8
Delhi,2020,2.08,97.5,2.5,0.30,3200,2.10,2800,32000,1.54,48000,12,0,85.0,280,1.52,8500,4087,2.8,26,14,73.5
Delhi,2021,2.11,97.5,2.5,0.29,3280,2.14,2890,33200,1.57,49800,12,0,86.0,286,1.54,9200,4360,2.7,25,13,73.8
Delhi,2022,2.14,97.6,2.4,0.29,3370,2.18,2990,34400,1.61,51600,12,0,87.0,292,1.56,10000,4673,2.6,24,12,74.0
Delhi,2023,2.17,97.6,2.4,0.28,3460,2.22,3090,35700,1.64,53500,12,0,88.0,298,1.58,10900,5023,2.5,23,12,74.3
Delhi,2024,2.20,97.7,2.3,0.27,3550,2.26,3200,37000,1.68,55500,12,0,88.8,305,1.61,11900,5409,2.4,22,11,74.5
Delhi,2025,2.23,97.7,2.3,0.27,3650,2.30,3310,38400,1.72,57500,12,0,89.5,312,1.63,13000,5830,2.3,21,10,74.8
Delhi,2026,2.26,97.8,2.2,0.26,3750,2.35,3430,39800,1.76,59600,12,0,90.2,319,1.65,14200,6283,2.2,20,10,75.0
Delhi,2027,2.29,97.8,2.2,0.25,3860,2.39,3560,41300,1.80,61800,12,0,91.0,326,1.67,15500,6769,2.1,19,9,75.3
Jammu and Kashmir,2020,1.38,27.4,72.6,0.42,680,0.98,510,8200,0.59,12500,352,78,72.0,115,1.01,2800,2029,4.5,77,26,71.0
Jammu and Kashmir,2021,1.39,27.8,72.2,0.41,702,1.00,528,8480,0.61,12900,358,80,73.5,118,1.02,3050,2194,4.4,74,25,71.2
Jammu and Kashmir,2022,1.40,28.2,71.8,0.40,725,1.03,548,8770,0.63,13300,364,82,75.0,121,1.02,3320,2371,4.2,71,24,71.5
Jammu and Kashmir,2023,1.41,28.6,71.4,0.39,748,1.05,568,9060,0.64,13700,370,84,76.5,124,1.03,3600,2553,4.1,68,23,71.7
Jammu and Kashmir,2024,1.42,29.0,71.0,0.38,773,1.08,590,9370,0.66,14200,376,86,78.0,128,1.04,3910,2754,3.9,65,22,72.0
Jammu and Kashmir,2025,1.43,29.4,70.6,0.37,800,1.11,612,9680,0.68,14700,383,88,79.5,132,1.05,4250,2972,3.8,63,21,72.3
Jammu and Kashmir,2026,1.44,29.8,70.2,0.36,828,1.14,636,10000,0.69,15200,390,90,81.0,136,1.05,4620,3208,3.6,60,20,72.5
Jammu and Kashmir,2027,1.45,30.2,69.8,0.35,858,1.17,660,10340,0.71,15700,397,92,82.5,140,1.06,5020,3462,3.5,57,19,72.8
Ladakh,2020,0.03,26.1,73.9,0.52,12,0.80,10,180,0.60,280,8,2,58.0,5,0.02,45,1500,6.5,95,25,68.0
Ladakh,2021,0.03,26.5,73.5,0.51,13,0.83,11,188,0.63,292,8,2,60.0,5,0.02,50,1667,6.3,90,24,68.3
Ladakh,2022,0.03,27.0,73.0,0.50,14,0.87,12,196,0.65,305,8,2,62.0,5,0.02,55,1833,6.1,86,23,68.5
Ladakh,2023,0.03,27.5,72.5,0.49,15,0.90,13,205,0.68,318,9,2,64.0,5,0.02,62,2067,5.9,81,22,68.8
Ladakh,2024,0.03,28.0,72.0,0.48,16,0.93,14,214,0.71,332,9,2,66.0,6,0.02,70,2333,5.7,77,21,69.0
Ladakh,2025,0.03,28.5,71.5,0.47,17,0.97,15,224,0.75,346,9,3,68.0,6,0.02,78,2600,5.5,73,20,69.3
Ladakh,2026,0.03,29.0,71.0,0.46,18,1.00,16,234,0.78,362,10,3,70.0,6,0.02,87,2900,5.3,69,19,69.5
Ladakh,2027,0.03,29.5,70.5,0.45,19,1.03,17,245,0.82,378,10,3,72.0,7,0.03,97,3233,5.1,65,18,69.8
Puducherry,2020,0.16,68.3,31.7,0.28,128,2.40,165,2050,1.28,3500,40,4,87.5,25,0.12,520,3250,2.6,29,10,73.5
Puducherry,2021,0.16,68.6,31.4,0.27,132,2.44,170,2120,1.31,3620,40,4,88.2,26,0.12,565,3531,2.5,28,10,73.8
Puducherry,2022,0.16,69.0,31.0,0.27,136,2.48,176,2190,1.34,3740,41,4,89.0,26,0.12,615,3844,2.4,27,9,74.0
Puducherry,2023,0.16,69.3,30.7,0.26,140,2.52,182,2260,1.37,3870,41,4,89.8,27,0.12,670,4188,2.3,26,9,74.2
Puducherry,2024,0.16,69.7,30.3,0.25,145,2.57,188,2340,1.40,4000,42,5,90.5,28,0.12,730,4563,2.2,25,8,74.5
Puducherry,2025,0.17,70.0,30.0,0.25,150,2.61,195,2420,1.43,4140,42,5,91.2,28,0.12,795,4676,2.1,24,8,74.7
Puducherry,2026,0.17,70.3,29.7,0.24,155,2.66,202,2500,1.47,4280,43,5,91.8,29,0.13,865,5088,2.0,23,7,75.0
Puducherry,2027,0.17,70.7,29.3,0.24,160,2.71,210,2590,1.50,4430,43,5,92.5,30,0.13,940,5529,1.9,22,7,75.2
Chandigarh,2020,0.12,97.3,2.7,0.25,85,2.80,120,1800,1.50,3000,0,0,89.0,20,0.09,380,3167,2.2,21,12,74.0
Chandigarh,2021,0.12,97.3,2.7,0.24,87,2.84,124,1860,1.53,3100,0,0,89.8,20,0.09,415,3458,2.1,20,11,74.2
Chandigarh,2022,0.12,97.4,2.6,0.24,90,2.89,128,1920,1.57,3210,0,0,90.5,21,0.09,452,3767,2.1,19,11,74.5
Chandigarh,2023,0.12,97.4,2.6,0.23,93,2.93,132,1980,1.60,3320,0,0,91.2,21,0.09,495,4125,2.0,18,10,74.7
Chandigarh,2024,0.12,97.5,2.5,0.23,96,2.98,137,2050,1.63,3440,0,0,91.8,22,0.09,540,4500,1.9,18,10,75.0
Chandigarh,2025,0.13,97.5,2.5,0.22,100,3.03,142,2120,1.67,3560,0,0,92.5,22,0.10,590,4538,1.8,17,9,75.2
Chandigarh,2026,0.13,97.5,2.5,0.22,104,3.08,147,2190,1.70,3690,0,0,93.0,23,0.10,645,4962,1.8,16,9,75.5
Chandigarh,2027,0.13,97.6,2.4,0.21,108,3.13,152,2270,1.74,3820,0,0,93.5,23,0.10,705,5423,1.7,15,8,75.7
Andaman and Nicobar Islands,2020,0.04,37.7,62.3,0.35,22,1.10,18,320,0.80,520,19,3,78.0,8,0.03,48,1200,4.0,52,14,71.5
Andaman and Nicobar Islands,2021,0.04,38.0,62.0,0.34,23,1.13,19,332,0.82,540,19,3,79.0,8,0.03,53,1325,3.9,50,13,71.7
Andaman and Nicobar Islands,2022,0.04,38.4,61.6,0.34,24,1.16,20,344,0.84,560,20,3,80.0,9,0.03,58,1450,3.8,48,13,72.0
Andaman and Nicobar Islands,2023,0.04,38.8,61.2,0.33,25,1.19,21,357,0.87,580,20,3,81.0,9,0.03,64,1600,3.6,46,12,72.2
Andaman and Nicobar Islands,2024,0.04,39.2,60.8,0.32,26,1.22,22,370,0.89,602,20,3,82.0,9,0.03,70,1750,3.5,44,12,72.5
Andaman and Nicobar Islands,2025,0.04,39.6,60.4,0.31,27,1.25,23,384,0.92,625,21,3,83.0,10,0.03,78,1950,3.4,42,11,72.7
Andaman and Nicobar Islands,2026,0.04,40.0,60.0,0.31,28,1.29,24,398,0.95,648,21,4,84.0,10,0.03,86,2150,3.2,40,11,73.0
Andaman and Nicobar Islands,2027,0.04,40.4,59.6,0.30,30,1.32,25,413,0.98,672,22,4,85.0,10,0.03,95,2375,3.1,38,10,73.2
Dadra Nagar Haveli and Daman Diu,2020,0.06,36.3,63.7,0.38,28,0.93,22,420,0.70,650,10,2,72.0,8,0.04,65,1083,4.8,56,22,70.0
Dadra Nagar Haveli and Daman Diu,2021,0.06,36.8,63.2,0.37,29,0.95,23,435,0.72,675,10,2,73.5,8,0.04,72,1200,4.6,54,21,70.3
Dadra Nagar Haveli and Daman Diu,2022,0.06,37.2,62.8,0.36,30,0.98,24,452,0.74,700,11,2,75.0,9,0.04,79,1317,4.5,51,20,70.5
Dadra Nagar Haveli and Daman Diu,2023,0.06,37.7,62.3,0.35,32,1.00,25,468,0.76,728,11,2,76.5,9,0.04,87,1450,4.3,49,19,70.8
Dadra Nagar Haveli and Daman Diu,2024,0.06,38.2,61.8,0.34,33,1.03,27,486,0.78,756,11,3,78.0,10,0.05,96,1600,4.2,47,18,71.0
Dadra Nagar Haveli and Daman Diu,2025,0.06,38.7,61.3,0.33,35,1.06,28,504,0.81,785,12,3,79.5,10,0.05,106,1767,4.0,44,17,71.3
Dadra Nagar Haveli and Daman Diu,2026,0.07,39.2,60.8,0.32,37,1.09,30,523,0.83,815,12,3,81.0,10,0.05,118,1686,3.8,42,16,71.5
Dadra Nagar Haveli and Daman Diu,2027,0.07,39.7,60.3,0.32,39,1.12,32,543,0.86,848,12,3,82.5,11,0.05,130,1857,3.7,40,15,71.8
Lakshadweep,2020,0.01,78.1,21.9,0.30,8,1.60,8,85,0.85,140,4,1,82.0,3,0.01,18,1800,3.2,35,10,73.0
Lakshadweep,2021,0.01,78.3,21.7,0.29,8,1.63,8,88,0.88,145,4,1,83.0,3,0.01,20,2000,3.1,33,10,73.2
Lakshadweep,2022,0.01,78.5,21.5,0.29,9,1.66,9,91,0.91,151,4,1,84.0,3,0.01,22,2200,3.0,32,9,73.5
Lakshadweep,2023,0.01,78.7,21.3,0.28,9,1.70,9,95,0.95,157,4,1,85.0,3,0.01,24,2400,2.8,30,9,73.7
Lakshadweep,2024,0.01,78.9,21.1,0.27,10,1.73,10,98,0.98,163,4,1,86.0,3,0.01,27,2700,2.7,28,8,74.0
Lakshadweep,2025,0.01,79.1,20.9,0.27,10,1.77,10,102,1.02,170,4,1,87.0,3,0.01,30,3000,2.6,27,8,74.2
Lakshadweep,2026,0.01,79.3,20.7,0.26,11,1.81,11,106,1.06,177,4,2,88.0,4,0.01,33,3300,2.5,25,7,74.5
Lakshadweep,2027,0.01,79.5,20.5,0.26,11,1.85,11,110,1.10,184,4,2,89.0,4,0.01,36,3600,2.4,24,7,74.7
